                  epoch,         train/box_loss,         train/cls_loss,         train/dfl_loss,   metrics/precision(B),      metrics/recall(B),       metrics/mAP50(B),    metrics/mAP50-95(B),           val/box_loss,           val/cls_loss,           val/dfl_loss,                 lr/pg0,                 lr/pg1,                 lr/pg2
                      1,                  1.575,                 2.1001,                 1.7499,                0.37485,                0.39109,                0.30299,                0.07698,                 2.2349,                 2.8214,                 2.6211,             0.00065891,             0.00065891,             0.00065891
                      2,                 1.4895,                  1.715,                 1.7009,                0.60456,                0.50709,                0.47561,                0.15097,                 2.4417,                 1.9922,                 3.0363,             0.00066942,             0.00066942,             0.00066942
